trait_code,trait_name,correlation
N,神经质,0.6145194006838863
E,外向性,0.699853726028951
O,开放性,0.834287175727527
A,宜人性,0.6181066298061152
C,尽责性,0.8189783544010675
