,SJT_N,SJT_E,SJT_O,SJT_A,SJT_C
NEO_N,0.6145194006838863,-0.458771991,-0.423580105,-0.447369016,-0.487720459
NEO_E,-0.292344832,0.699853726028951,0.14168851982398314,0.14577366423071492,0.17413082738395919
NEO_O,-0.243455987,0.1814553994610164,0.8342871757275279,0.26124126625510236,0.2056491640613384
NEO_A,-0.167164678,0.14972108479094892,0.10243877130507803,0.6181066298061151,0.18154538773546883
NEO_C,-0.71577833,0.3411436705100057,0.24123156657975905,0.5212491613039767,0.8189783544010679
